Workbook

Sheet JUDUL
A1: Judul | B1: : | C1: Data Penduduk Indonesia Menurut Desa (Sensus tahun 2010)
A2: Sumber | B2: : | C2: BPS, 2010
A4: Tanggal | B4: : | C4: 23 Februari 2021
A5: Nama | B5: : | C5: Dear Berliana Putri
A6: NIM | B6: : | C6: 185080600111047
A7: Prodi | B7: : | C7: Ilmu Kelautan
A8: Kontak | B8: : | C8: dearberliana@gmail.com
A10: Edit Tanggal | B10: : | C10: 13 Maret 2021
A11: Oleh | B11: : | C11: Faiz Ni'matul Haq
A12: Kontak | B12: : | C12: faizkurosaki@gmail.com
A13: Versi | B13: : | C13: 2

Sheet VARIABEL
A1: VARID | B1: VARIABLE | C1: SHEET | D1: DISKRIPSI
A2: 1 | B2: PROVID | C2: RUMUS, NO RUMUS, PROVID, DATA | D2: KODE KATEGORI PROVINSI
A3: 2 | B3: KABID | C3: RUMUS, NO RUMUS, KABID, DATA | D3: KODE KATEGORI KABUPATEN
A4: 3 | B4: CAMID | C4: RUMUS, NO RUMUS, CAMID, DATA | D4: KODE KATEGORI KECAMATAN
A5: 4 | B5: DESAID | C5: RUMUS, NO RUMUS, DESAID, DATA | D5: KODE KATEGORI DESA
A6: 5 | B6: PROVINSI | C6: RUMUS, NO RUMUS, PROVID, DATA | D6: NAMA PROVINSI
A7: 6 | B7: KABUPATEN | C7: RUMUS, NO RUMUS, KABID, DATA | D7: NAMA KABUPATEN
A8: 7 | B8: KECAMATAN | C8: RUMUS, NO RUMUS, CAMID, DATA | D8: NAMA KECAMATAN
A9: 8 | B9: DESA | C9: RUMUS, NO RUMUS, DESAID, DATA | D9: NAMA DESA
A10: 9 | B10: JUMLAH PENDUDUK | C10: RUMUS, NO RUMUS, DATA | D10: JUMLAH PENDUDUK

Sheet RUMUS
B1: Nama Kabupaten | C1: Nama Kecamatan | D1: Nama Desa | E1: Jumlah Penduduk | F1: PROVID | G1: KABID | H1: CAMID | I1: DESAID | J1: PROVINSI | K1: KABUPATEN | L1: KECAMATAN | M1: DESA | N1: JUMLAH PENDUDUK
A2: [11] ACEH | B2: [01] SIMEULUE | C2: [010] TEUPAH SELATAN | D2: [001] LATIUNG | E2: 270 | F2: =MID(A2,2,2) -> 11 | G2: =CONCATENATE(F2,MID(B2,2,2)) -> 1101 | H2: =CONCATENATE(G2,MID(C2,2,3)) -> 1101010 | I2: =CONCATENATE(H2,MID(D2,2,3)) -> 1101010001 | J2: =MID(A2,6,50) -> ACEH | K2: =MID(B2,6,50) -> SIMEULUE | L2: =MID(C2,7,50) -> TEUPAH SELATAN | M2: =MID(D2,7,50) -> LATIUNG | N2: =E2 -> 270
A3: [11] ACEH | B3: [01] SIMEULUE | C3: [010] TEUPAH SELATAN | D3: [002] LABUHAN BAJAU | E3: 398 | F3: =MID(A3,2,2) -> 11 | G3: =CONCATENATE(F3,MID(B3,2,2)) -> 1101 | H3: =CONCATENATE(G3,MID(C3,2,3)) -> 1101010 | I3: =CONCATENATE(H3,MID(D3,2,3)) -> 1101010002 | J3: =MID(A3,6,50) -> ACEH | K3: =MID(B3,6,50) -> SIMEULUE | L3: =MID(C3,7,50) -> TEUPAH SELATAN | M3: =MID(D3,7,50) -> LABUHAN BAJAU | N3: =E3 -> 398
A4: [11] ACEH | B4: [01] SIMEULUE | C4: [010] TEUPAH SELATAN | D4: [003] SUAK LAMATAN | E4: 465 | F4: =MID(A4,2,2) -> 11 | G4: =CONCATENATE(F4,MID(B4,2,2)) -> 1101 | H4: =CONCATENATE(G4,MID(C4,2,3)) -> 1101010 | I4: =CONCATENATE(H4,MID(D4,2,3)) -> 1101010003 | J4: =MID(A4,6,50) -> ACEH | K4: =MID(B4,6,50) -> SIMEULUE | L4: =MID(C4,7,50) -> TEUPAH SELATAN | M4: =MID(D4,7,50) -> SUAK LAMATAN | N4: =E4 -> 465
A5: [11] ACEH | B5: [01] SIMEULUE | C5: [010] TEUPAH SELATAN | D5: [004] ANA AO | E5: 515 | F5: =MID(A5,2,2) -> 11 | G5: =CONCATENATE(F5,MID(B5,2,2)) -> 1101 | H5: =CONCATENATE(G5,MID(C5,2,3)) -> 1101010 | I5: =CONCATENATE(H5,MID(D5,2,3)) -> 1101010004 | J5: =MID(A5,6,50) -> ACEH | K5: =MID(B5,6,50) -> SIMEULUE | L5: =MID(C5,7,50) -> TEUPAH SELATAN | M5: =MID(D5,7,50) -> ANA AO | N5: =E5 -> 515
A6: [11] ACEH | B6: [01] SIMEULUE | C6: [010] TEUPAH SELATAN | D6: [005] LATALING | E6: 340 | F6: =MID(A6,2,2) -> 11 | G6: =CONCATENATE(F6,MID(B6,2,2)) -> 1101 | H6: =CONCATENATE(G6,MID(C6,2,3)) -> 1101010 | I6: =CONCATENATE(H6,MID(D6,2,3)) -> 1101010005 | J6: =MID(A6,6,50) -> ACEH | K6: =MID(B6,6,50) -> SIMEULUE | L6: =MID(C6,7,50) -> TEUPAH SELATAN | M6: =MID(D6,7,50) -> LATALING | N6: =E6 -> 340
A7: [11] ACEH | B7: [01] SIMEULUE | C7: [010] TEUPAH SELATAN | D7: [006] PULAU BENGKALAK | E7: 378 | F7: =MID(A7,2,2) -> 11 | G7: =CONCATENATE(F7,MID(B7,2,2)) -> 1101 | H7: =CONCATENATE(G7,MID(C7,2,3)) -> 1101010 | I7: =CONCATENATE(H7,MID(D7,2,3)) -> 1101010006 | J7: =MID(A7,6,50) -> ACEH | K7: =MID(B7,6,50) -> SIMEULUE | L7: =MID(C7,7,50) -> TEUPAH SELATAN | M7: =MID(D7,7,50) -> PULAU BENGKALAK | N7: =E7 -> 378
A8: [11] ACEH | B8: [01] SIMEULUE | C8: [010] TEUPAH SELATAN | D8: [007] BADEGONG | E8: 289 | F8: =MID(A8,2,2) -> 11 | G8: =CONCATENATE(F8,MID(B8,2,2)) -> 1101 | H8: =CONCATENATE(G8,MID(C8,2,3)) -> 1101010 | I8: =CONCATENATE(H8,MID(D8,2,3)) -> 1101010007 | J8: =MID(A8,6,50) -> ACEH | K8: =MID(B8,6,50) -> SIMEULUE | L8: =MID(C8,7,50) -> TEUPAH SELATAN | M8: =MID(D8,7,50) -> BADEGONG | N8: =E8 -> 289
A9: [11] ACEH | B9: [01] SIMEULUE | C9: [010] TEUPAH SELATAN | D9: [008] KEBUN BARU | E9: 398 | F9: =MID(A9,2,2) -> 11 | G9: =CONCATENATE(F9,MID(B9,2,2)) -> 1101 | H9: =CONCATENATE(G9,MID(C9,2,3)) -> 1101010 | I9: =CONCATENATE(H9,MID(D9,2,3)) -> 1101010008 | J9: =MID(A9,6,50) -> ACEH | K9: =MID(B9,6,50) -> SIMEULUE | L9: =MID(C9,7,50) -> TEUPAH SELATAN | M9: =MID(D9,7,50) -> KEBUN BARU | N9: =E9 -> 398
A10: [11] ACEH | B10: [01] SIMEULUE | C10: [010] TEUPAH SELATAN | D10: [009] ULUL MANYANG | E10: 310 | F10: =MID(A10,2,2) -> 11 | G10: =CONCATENATE(F10,MID(B10,2,2)) -> 1101 | H10: =CONCATENATE(G10,MID(C10,2,3)) -> 1101010 | I10: =CONCATENATE(H10,MID(D10,2,3)) -> 1101010009 | J10: =MID(A10,6,50) -> ACEH | K10: =MID(B10,6,50) -> SIMEULUE | L10: =MID(C10,7,50) -> TEUPAH SELATAN | M10: =MID(D10,7,50) -> ULUL MANYANG | N10: =E10 -> 310
A11: [11] ACEH | B11: [01] SIMEULUE | C11: [010] TEUPAH SELATAN | D11: [010] PASIR TINGGI | E11: 396 | F11: =MID(A11,2,2) -> 11 | G11: =CONCATENATE(F11,MID(B11,2,2)) -> 1101 | H11: =CONCATENATE(G11,MID(C11,2,3)) -> 1101010 | I11: =CONCATENATE(H11,MID(D11,2,3)) -> 1101010010 | J11: =MID(A11,6,50) -> ACEH | K11: =MID(B11,6,50) -> SIMEULUE | L11: =MID(C11,7,50) -> TEUPAH SELATAN | M11: =MID(D11,7,50) -> PASIR TINGGI | N11: =E11 -> 396
A12: [11] ACEH | B12: [01] SIMEULUE | C12: [010] TEUPAH SELATAN | D12: [011] LABUHAN JAYA | E12: 568 | F12: =MID(A12,2,2) -> 11 | G12: =CONCATENATE(F12,MID(B12,2,2)) -> 1101 | H12: =CONCATENATE(G12,MID(C12,2,3)) -> 1101010 | I12: =CONCATENATE(H12,MID(D12,2,3)) -> 1101010011 | J12: =MID(A12,6,50) -> ACEH | K12: =MID(B12,6,50) -> SIMEULUE | L12: =MID(C12,7,50) -> TEUPAH SELATAN | M12: =MID(D12,7,50) -> LABUHAN JAYA | N12: =E12 -> 568
A13: [11] ACEH | B13: [01] SIMEULUE | C13: [010] TEUPAH SELATAN | D13: [012] LABUHAN BAKTI | E13: 1127 | F13: =MID(A13,2,2) -> 11 | G13: =CONCATENATE(F13,MID(B13,2,2)) -> 1101 | H13: =CONCATENATE(G13,MID(C13,2,3)) -> 1101010 | I13: =CONCATENATE(H13,MID(D13,2,3)) -> 1101010012 | J13: =MID(A13,6,50) -> ACEH | K13: =MID(B13,6,50) -> SIMEULUE | L13: =MID(C13,7,50) -> TEUPAH SELATAN | M13: =MID(D13,7,50) -> LABUHAN BAKTI | N13: =E13 -> 1127
... A113: [11] ACEH | B113: [01] SIMEULUE | C113: [040] SALANG | D113: [012] LALLA | E113: 265 | F113: =MID(A113,2,2) -> 11 | G113: =CONCATENATE(F113,MID(B113,2,2)) -> 1101 | H113: =CONCATENATE(G113,MID(C113,2,3)) -> 1101040 | I113: =CONCATENATE(H113,MID(D113,2,3)) -> 1101040012 | J113: =MID(A113,6,50) -> ACEH | K113: =MID(B113,6,50) -> SIMEULUE | L113: =MID(C113,7,50) -> SALANG | M113: =MID(D113,7,50) -> LALLA | N113: =E113 -> 265

Sheet NO RUMUS
B1: Nama Kabupaten | C1: Nama Kecamatan | D1: Nama Desa | E1: Jumlah Penduduk | F1: PROVID | G1: KABID | H1: CAMID | I1: DESAID | J1: PROVINSI | K1: KABUPATEN | L1: KECAMATAN | M1: DESA | N1: JUMLAH PENDUDUK
A2: [11] ACEH | B2: [01] SIMEULUE | C2: [010] TEUPAH SELATAN | D2: [001] LATIUNG | E2: 270 | F2: 11 | G2: 1101 | H2: 1101010 | I2: 1101010001 | J2: ACEH | K2: SIMEULUE | L2: TEUPAH SELATAN | M2: LATIUNG | N2: 270
A3: [11] ACEH | B3: [01] SIMEULUE | C3: [010] TEUPAH SELATAN | D3: [002] LABUHAN BAJAU | E3: 398 | F3: 11 | G3: 1101 | H3: 1101010 | I3: 1101010002 | J3: ACEH | K3: SIMEULUE | L3: TEUPAH SELATAN | M3: LABUHAN BAJAU | N3: 398
A4: [11] ACEH | B4: [01] SIMEULUE | C4: [010] TEUPAH SELATAN | D4: [003] SUAK LAMATAN | E4: 465 | F4: 11 | G4: 1101 | H4: 1101010 | I4: 1101010003 | J4: ACEH | K4: SIMEULUE | L4: TEUPAH SELATAN | M4: SUAK LAMATAN | N4: 465
A5: [11] ACEH | B5: [01] SIMEULUE | C5: [010] TEUPAH SELATAN | D5: [004] ANA AO | E5: 515 | F5: 11 | G5: 1101 | H5: 1101010 | I5: 1101010004 | J5: ACEH | K5: SIMEULUE | L5: TEUPAH SELATAN | M5: ANA AO | N5: 515
A6: [11] ACEH | B6: [01] SIMEULUE | C6: [010] TEUPAH SELATAN | D6: [005] LATALING | E6: 340 | F6: 11 | G6: 1101 | H6: 1101010 | I6: 1101010005 | J6: ACEH | K6: SIMEULUE | L6: TEUPAH SELATAN | M6: LATALING | N6: 340
A7: [11] ACEH | B7: [01] SIMEULUE | C7: [010] TEUPAH SELATAN | D7: [006] PULAU BENGKALAK | E7: 378 | F7: 11 | G7: 1101 | H7: 1101010 | I7: 1101010006 | J7: ACEH | K7: SIMEULUE | L7: TEUPAH SELATAN | M7: PULAU BENGKALAK | N7: 378
A8: [11] ACEH | B8: [01] SIMEULUE | C8: [010] TEUPAH SELATAN | D8: [007] BADEGONG | E8: 289 | F8: 11 | G8: 1101 | H8: 1101010 | I8: 1101010007 | J8: ACEH | K8: SIMEULUE | L8: TEUPAH SELATAN | M8: BADEGONG | N8: 289
A9: [11] ACEH | B9: [01] SIMEULUE | C9: [010] TEUPAH SELATAN | D9: [008] KEBUN BARU | E9: 398 | F9: 11 | G9: 1101 | H9: 1101010 | I9: 1101010008 | J9: ACEH | K9: SIMEULUE | L9: TEUPAH SELATAN | M9: KEBUN BARU | N9: 398
A10: [11] ACEH | B10: [01] SIMEULUE | C10: [010] TEUPAH SELATAN | D10: [009] ULUL MANYANG | E10: 310 | F10: 11 | G10: 1101 | H10: 1101010 | I10: 1101010009 | J10: ACEH | K10: SIMEULUE | L10: TEUPAH SELATAN | M10: ULUL MANYANG | N10: 310
A11: [11] ACEH | B11: [01] SIMEULUE | C11: [010] TEUPAH SELATAN | D11: [010] PASIR TINGGI | E11: 396 | F11: 11 | G11: 1101 | H11: 1101010 | I11: 1101010010 | J11: ACEH | K11: SIMEULUE | L11: TEUPAH SELATAN | M11: PASIR TINGGI | N11: 396
A12: [11] ACEH | B12: [01] SIMEULUE | C12: [010] TEUPAH SELATAN | D12: [011] LABUHAN JAYA | E12: 568 | F12: 11 | G12: 1101 | H12: 1101010 | I12: 1101010011 | J12: ACEH | K12: SIMEULUE | L12: TEUPAH SELATAN | M12: LABUHAN JAYA | N12: 568
A13: [11] ACEH | B13: [01] SIMEULUE | C13: [010] TEUPAH SELATAN | D13: [012] LABUHAN BAKTI | E13: 1127 | F13: 11 | G13: 1101 | H13: 1101010 | I13: 1101010012 | J13: ACEH | K13: SIMEULUE | L13: TEUPAH SELATAN | M13: LABUHAN BAKTI | N13: 1127
... A113: [11] ACEH | B113: [01] SIMEULUE | C113: [040] SALANG | D113: [012] LALLA | E113: 265 | F113: 11 | G113: 1101 | H113: 1101040 | I113: 1101040012 | J113: ACEH | K113: SIMEULUE | L113: SALANG | M113: LALLA | N113: 265

Sheet PROVID
A1: PROVID | B1: PROVINSI
A2: 11 | B2: ACEH

Sheet KABID
A1: KABID | B1: KABUPATEN
A2: 1101 | B2: SIMEULUE

Sheet CAMID
A1: CAMID | B1: KECAMATAN
A2: 1101010 | B2: TEUPAH SELATAN
A3: 1101020 | B3: SIMEULUE TIMUR
A4: 1101021 | B4: TEUPAH BARAT
A5: 1101030 | B5: SIMEULUE TENGAH
A6: 1101031 | B6: TELUK DALAM
A7: 1101040 | B7: SALANG

Sheet DESAID
A1: DESAID | B1: DESA
A2: 1101010001 | B2: LATIUNG
A3: 1101010002 | B3: LABUHAN BAJAU
A4: 1101010003 | B4: SUAK LAMATAN
A5: 1101010004 | B5: ANA AO
A6: 1101010005 | B6: LATALING
A7: 1101010006 | B7: PULAU BENGKALAK
A8: 1101010007 | B8: BADEGONG
A9: 1101010008 | B9: KEBUN BARU
A10: 1101010009 | B10: ULUL MANYANG
A11: 1101010010 | B11: PASIR TINGGI
A12: 1101010011 | B12: LABUHAN JAYA
A13: 1101010012 | B13: LABUHAN BAKTI
... A113: 1101040012 | B113: LALLA

Sheet DATA
A1: DATAID | B1: PROVID | C1: KABID | D1: CAMID | E1: DESAID | F1: JUMLAH PENDUDUK | G1: PROVINSI | H1: KABUPATEN | I1: KECAMATAN | J1: DESA
A2: 1 | B2: 11 | C2: 1101 | D2: 1101010 | E2: 1101010001 | F2: 270 | G2: =VLOOKUP(DATA!B2,PROVID!$A$1:$B$2,2,FALSE) -> ACEH | H2: =VLOOKUP(C2,KABID!$A$1:$B$2,2,FALSE) -> SIMEULUE | I2: =VLOOKUP(D2,CAMID!$A$1:$B$7,2,FALSE) -> TEUPAH SELATAN | J2: =VLOOKUP(E2,DESAID!$A$1:$B$113,2,FALSE) -> LATIUNG
A3: 2 | B3: 11 | C3: 1101 | D3: 1101010 | E3: 1101010002 | F3: 398 | G3: =VLOOKUP(DATA!B3,PROVID!$A$1:$B$2,2,FALSE) -> ACEH | H3: =VLOOKUP(C3,KABID!$A$1:$B$2,2,FALSE) -> SIMEULUE | I3: =VLOOKUP(D3,CAMID!$A$1:$B$7,2,FALSE) -> TEUPAH SELATAN | J3: =VLOOKUP(E3,DESAID!$A$1:$B$113,2,FALSE) -> LABUHAN BAJAU
A4: 3 | B4: 11 | C4: 1101 | D4: 1101010 | E4: 1101010003 | F4: 465 | G4: =VLOOKUP(DATA!B4,PROVID!$A$1:$B$2,2,FALSE) -> ACEH | H4: =VLOOKUP(C4,KABID!$A$1:$B$2,2,FALSE) -> SIMEULUE | I4: =VLOOKUP(D4,CAMID!$A$1:$B$7,2,FALSE) -> TEUPAH SELATAN | J4: =VLOOKUP(E4,DESAID!$A$1:$B$113,2,FALSE) -> SUAK LAMATAN
A5: 4 | B5: 11 | C5: 1101 | D5: 1101010 | E5: 1101010004 | F5: 515 | G5: =VLOOKUP(DATA!B5,PROVID!$A$1:$B$2,2,FALSE) -> ACEH | H5: =VLOOKUP(C5,KABID!$A$1:$B$2,2,FALSE) -> SIMEULUE | I5: =VLOOKUP(D5,CAMID!$A$1:$B$7,2,FALSE) -> TEUPAH SELATAN | J5: =VLOOKUP(E5,DESAID!$A$1:$B$113,2,FALSE) -> ANA AO
A6: 5 | B6: 11 | C6: 1101 | D6: 1101010 | E6: 1101010005 | F6: 340 | G6: =VLOOKUP(DATA!B6,PROVID!$A$1:$B$2,2,FALSE) -> ACEH | H6: =VLOOKUP(C6,KABID!$A$1:$B$2,2,FALSE) -> SIMEULUE | I6: =VLOOKUP(D6,CAMID!$A$1:$B$7,2,FALSE) -> TEUPAH SELATAN | J6: =VLOOKUP(E6,DESAID!$A$1:$B$113,2,FALSE) -> LATALING
A7: 6 | B7: 11 | C7: 1101 | D7: 1101010 | E7: 1101010006 | F7: 378 | G7: =VLOOKUP(DATA!B7,PROVID!$A$1:$B$2,2,FALSE) -> ACEH | H7: =VLOOKUP(C7,KABID!$A$1:$B$2,2,FALSE) -> SIMEULUE | I7: =VLOOKUP(D7,CAMID!$A$1:$B$7,2,FALSE) -> TEUPAH SELATAN | J7: =VLOOKUP(E7,DESAID!$A$1:$B$113,2,FALSE) -> PULAU BENGKALAK
A8: 7 | B8: 11 | C8: 1101 | D8: 1101010 | E8: 1101010007 | F8: 289 | G8: =VLOOKUP(DATA!B8,PROVID!$A$1:$B$2,2,FALSE) -> ACEH | H8: =VLOOKUP(C8,KABID!$A$1:$B$2,2,FALSE) -> SIMEULUE | I8: =VLOOKUP(D8,CAMID!$A$1:$B$7,2,FALSE) -> TEUPAH SELATAN | J8: =VLOOKUP(E8,DESAID!$A$1:$B$113,2,FALSE) -> BADEGONG
A9: 8 | B9: 11 | C9: 1101 | D9: 1101010 | E9: 1101010008 | F9: 398 | G9: =VLOOKUP(DATA!B9,PROVID!$A$1:$B$2,2,FALSE) -> ACEH | H9: =VLOOKUP(C9,KABID!$A$1:$B$2,2,FALSE) -> SIMEULUE | I9: =VLOOKUP(D9,CAMID!$A$1:$B$7,2,FALSE) -> TEUPAH SELATAN | J9: =VLOOKUP(E9,DESAID!$A$1:$B$113,2,FALSE) -> KEBUN BARU
A10: 9 | B10: 11 | C10: 1101 | D10: 1101010 | E10: 1101010009 | F10: 310 | G10: =VLOOKUP(DATA!B10,PROVID!$A$1:$B$2,2,FALSE) -> ACEH | H10: =VLOOKUP(C10,KABID!$A$1:$B$2,2,FALSE) -> SIMEULUE | I10: =VLOOKUP(D10,CAMID!$A$1:$B$7,2,FALSE) -> TEUPAH SELATAN | J10: =VLOOKUP(E10,DESAID!$A$1:$B$113,2,FALSE) -> ULUL MANYANG
A11: 10 | B11: 11 | C11: 1101 | D11: 1101010 | E11: 1101010010 | F11: 396 | G11: =VLOOKUP(DATA!B11,PROVID!$A$1:$B$2,2,FALSE) -> ACEH | H11: =VLOOKUP(C11,KABID!$A$1:$B$2,2,FALSE) -> SIMEULUE | I11: =VLOOKUP(D11,CAMID!$A$1:$B$7,2,FALSE) -> TEUPAH SELATAN | J11: =VLOOKUP(E11,DESAID!$A$1:$B$113,2,FALSE) -> PASIR TINGGI
A12: 11 | B12: 11 | C12: 1101 | D12: 1101010 | E12: 1101010011 | F12: 568 | G12: =VLOOKUP(DATA!B12,PROVID!$A$1:$B$2,2,FALSE) -> ACEH | H12: =VLOOKUP(C12,KABID!$A$1:$B$2,2,FALSE) -> SIMEULUE | I12: =VLOOKUP(D12,CAMID!$A$1:$B$7,2,FALSE) -> TEUPAH SELATAN | J12: =VLOOKUP(E12,DESAID!$A$1:$B$113,2,FALSE) -> LABUHAN JAYA
A13: 12 | B13: 11 | C13: 1101 | D13: 1101010 | E13: 1101010012 | F13: 1127 | G13: =VLOOKUP(DATA!B13,PROVID!$A$1:$B$2,2,FALSE) -> ACEH | H13: =VLOOKUP(C13,KABID!$A$1:$B$2,2,FALSE) -> SIMEULUE | I13: =VLOOKUP(D13,CAMID!$A$1:$B$7,2,FALSE) -> TEUPAH SELATAN | J13: =VLOOKUP(E13,DESAID!$A$1:$B$113,2,FALSE) -> LABUHAN BAKTI
... A113: 112 | B113: 11 | C113: 1101 | D113: 1101040 | E113: 1101040012 | F113: 265 | G113: =VLOOKUP(DATA!B113,PROVID!$A$1:$B$2,2,FALSE) -> ACEH | H113: =VLOOKUP(C113,KABID!$A$1:$B$2,2,FALSE) -> SIMEULUE | I113: =VLOOKUP(D113,CAMID!$A$1:$B$7,2,FALSE) -> SALANG | J113: =VLOOKUP(E113,DESAID!$A$1:$B$113,2,FALSE) -> LALLA

Sheet SAMPLING
A1: DATAID | B1: PROVID | C1: KABID | D1: CAMID | E1: DESAID | F1: JUMLAH PENDUDUK | G1: RANDBETWEEN | H1: RANDOM | I1: PROVID | J1: PROVINSI | K1: KABID | L1: KABUPATEN | M1: CAMID | N1: KECAMATAN | O1: DESAID | P1: DESA | Q1: JUMLAH
A2: 1 | B2: 11 | C2: 1101 | D2: 1101010 | E2: 1101010001 | F2: 270 | G2: =RANDBETWEEN($A$2,$A$113) -> 92 | H2: 102 | I2: =SUMIF($A$2:$A$113,$H$2,$B$2:$B$113) -> 11 | J2: =VLOOKUP(I2,[1]PROVID!$A$2:$B$2,2,FALSE) -> ACEH | K2: =SUMIF($A$2:$A$113,H2,$C$2:$C$113) -> 1101 | L2: =VLOOKUP(K2,[1]KABID!$A$2:$B$3,2,FALSE) -> SIMEULUE | M2: =SUMIF($A$2:$A$113,H2,$D$2:$D$113) -> 1101040 | N2: =VLOOKUP(M2,[1]CAMID!$A$2:$B$7,2,FALSE) -> SALANG | O2: =SUMIF($A$2:$A$113,H2,$E$2:$E$113) -> 1101040002 | P2: =VLOOKUP(O2,[1]DESAID!$A$2:$B$113,2,FALSE) -> PADANG UNOI | Q2: =F2 -> 270
A3: 2 | B3: 11 | C3: 1101 | D3: 1101010 | E3: 1101010002 | F3: 398 | G3: =RANDBETWEEN($A$2,$A$113) -> 96 | H3: 50 | I3: =SUMIF($A$2:$A$113,$H$2,$B$2:$B$113) -> 11 | J3: =VLOOKUP(I3,[1]PROVID!$A$2:$B$2,2,FALSE) -> ACEH | K3: =SUMIF($A$2:$A$113,H3,$C$2:$C$113) -> 1101 | L3: =VLOOKUP(K3,[1]KABID!$A$2:$B$3,2,FALSE) -> SIMEULUE | M3: =SUMIF($A$2:$A$113,H3,$D$2:$D$113) -> 1101021 | N3: =VLOOKUP(M3,[1]CAMID!$A$2:$B$7,2,FALSE) -> TEUPAH BARAT | O3: =SUMIF($A$2:$A$113,H3,$E$2:$E$113) -> 1101021002 | P3: =VLOOKUP(O3,[1]DESAID!$A$2:$B$113,2,FALSE) -> LEUBANG | Q3: =F3 -> 398
A4: 3 | B4: 11 | C4: 1101 | D4: 1101010 | E4: 1101010003 | F4: 465 | G4: =RANDBETWEEN($A$2,$A$113) -> 70 | H4: 87 | I4: =SUMIF($A$2:$A$113,$H$2,$B$2:$B$113) -> 11 | J4: =VLOOKUP(I4,[1]PROVID!$A$2:$B$2,2,FALSE) -> ACEH | K4: =SUMIF($A$2:$A$113,H4,$C$2:$C$113) -> 1101 | L4: =VLOOKUP(K4,[1]KABID!$A$2:$B$3,2,FALSE) -> SIMEULUE | M4: =SUMIF($A$2:$A$113,H4,$D$2:$D$113) -> 1101030 | N4: =VLOOKUP(M4,[1]CAMID!$A$2:$B$7,2,FALSE) -> SIMEULUE TENGAH | O4: =SUMIF($A$2:$A$113,H4,$E$2:$E$113) -> 1101030023 | P4: =VLOOKUP(O4,[1]DESAID!$A$2:$B$113,2,FALSE) -> SUAK BARU | Q4: =F4 -> 465
A5: 4 | B5: 11 | C5: 1101 | D5: 1101010 | E5: 1101010004 | F5: 515 | G5: =RANDBETWEEN($A$2,$A$113) -> 32 | H5: 39 | I5: =SUMIF($A$2:$A$113,$H$2,$B$2:$B$113) -> 11 | J5: =VLOOKUP(I5,[1]PROVID!$A$2:$B$2,2,FALSE) -> ACEH | K5: =SUMIF($A$2:$A$113,H5,$C$2:$C$113) -> 1101 | L5: =VLOOKUP(K5,[1]KABID!$A$2:$B$3,2,FALSE) -> SIMEULUE | M5: =SUMIF($A$2:$A$113,H5,$D$2:$D$113) -> 1101020 | N5: =VLOOKUP(M5,[1]CAMID!$A$2:$B$7,2,FALSE) -> SIMEULUE TIMUR | O5: =SUMIF($A$2:$A$113,H5,$E$2:$E$113) -> 1101020031 | P5: =VLOOKUP(O5,[1]DESAID!$A$2:$B$113,2,FALSE) -> AIR DINGIN | Q5: =F5 -> 515
A6: 5 | B6: 11 | C6: 1101 | D6: 1101010 | E6: 1101010005 | F6: 340 | G6: =RANDBETWEEN($A$2,$A$113) -> 96 | H6: 34 | I6: =SUMIF($A$2:$A$113,$H$2,$B$2:$B$113) -> 11 | J6: =VLOOKUP(I6,[1]PROVID!$A$2:$B$2,2,FALSE) -> ACEH | K6: =SUMIF($A$2:$A$113,H6,$C$2:$C$113) -> 1101 | L6: =VLOOKUP(K6,[1]KABID!$A$2:$B$3,2,FALSE) -> SIMEULUE | M6: =SUMIF($A$2:$A$113,H6,$D$2:$D$113) -> 1101020 | N6: =VLOOKUP(M6,[1]CAMID!$A$2:$B$7,2,FALSE) -> SIMEULUE TIMUR | O6: =SUMIF($A$2:$A$113,H6,$E$2:$E$113) -> 1101020026 | P6: =VLOOKUP(O6,[1]DESAID!$A$2:$B$113,2,FALSE) -> LUGU | Q6: =F6 -> 340
A7: 6 | B7: 11 | C7: 1101 | D7: 1101010 | E7: 1101010006 | F7: 378 | G7: =RANDBETWEEN($A$2,$A$113) -> 101 | H7: 106 | I7: =SUMIF($A$2:$A$113,$H$2,$B$2:$B$113) -> 11 | J7: =VLOOKUP(I7,[1]PROVID!$A$2:$B$2,2,FALSE) -> ACEH | K7: =SUMIF($A$2:$A$113,H7,$C$2:$C$113) -> 1101 | L7: =VLOOKUP(K7,[1]KABID!$A$2:$B$3,2,FALSE) -> SIMEULUE | M7: =SUMIF($A$2:$A$113,H7,$D$2:$D$113) -> 1101040 | N7: =VLOOKUP(M7,[1]CAMID!$A$2:$B$7,2,FALSE) -> SALANG | O7: =SUMIF($A$2:$A$113,H7,$E$2:$E$113) -> 1101040006 | P7: =VLOOKUP(O7,[1]DESAID!$A$2:$B$113,2,FALSE) -> PANTON LAWE | Q7: =F7 -> 378
A8: 7 | B8: 11 | C8: 1101 | D8: 1101010 | E8: 1101010007 | F8: 289 | G8: =RANDBETWEEN($A$2,$A$113) -> 44 | H8: 98 | I8: =SUMIF($A$2:$A$113,$H$2,$B$2:$B$113) -> 11 | J8: =VLOOKUP(I8,[1]PROVID!$A$2:$B$2,2,FALSE) -> ACEH | K8: =SUMIF($A$2:$A$113,H8,$C$2:$C$113) -> 1101 | L8: =VLOOKUP(K8,[1]KABID!$A$2:$B$3,2,FALSE) -> SIMEULUE | M8: =SUMIF($A$2:$A$113,H8,$D$2:$D$113) -> 1101031 | N8: =VLOOKUP(M8,[1]CAMID!$A$2:$B$7,2,FALSE) -> TELUK DALAM | O8: =SUMIF($A$2:$A$113,H8,$E$2:$E$113) -> 1101031008 | P8: =VLOOKUP(O8,[1]DESAID!$A$2:$B$113,2,FALSE) -> KUALA BARU | Q8: =F8 -> 289
A9: 8 | B9: 11 | C9: 1101 | D9: 1101010 | E9: 1101010008 | F9: 398 | G9: =RANDBETWEEN($A$2,$A$113) -> 44 | H9: 96 | I9: =SUMIF($A$2:$A$113,$H$2,$B$2:$B$113) -> 11 | J9: =VLOOKUP(I9,[1]PROVID!$A$2:$B$2,2,FALSE) -> ACEH | K9: =SUMIF($A$2:$A$113,H9,$C$2:$C$113) -> 1101 | L9: =VLOOKUP(K9,[1]KABID!$A$2:$B$3,2,FALSE) -> SIMEULUE | M9: =SUMIF($A$2:$A$113,H9,$D$2:$D$113) -> 1101031 | N9: =VLOOKUP(M9,[1]CAMID!$A$2:$B$7,2,FALSE) -> TELUK DALAM | O9: =SUMIF($A$2:$A$113,H9,$E$2:$E$113) -> 1101031006 | P9: =VLOOKUP(O9,[1]DESAID!$A$2:$B$113,2,FALSE) -> LUAN BALU | Q9: =F9 -> 398
A10: 9 | B10: 11 | C10: 1101 | D10: 1101010 | E10: 1101010009 | F10: 310 | G10: =RANDBETWEEN($A$2,$A$113) -> 41 | H10: 98 | I10: =SUMIF($A$2:$A$113,$H$2,$B$2:$B$113) -> 11 | J10: =VLOOKUP(I10,[1]PROVID!$A$2:$B$2,2,FALSE) -> ACEH | K10: =SUMIF($A$2:$A$113,H10,$C$2:$C$113) -> 1101 | L10: =VLOOKUP(K10,[1]KABID!$A$2:$B$3,2,FALSE) -> SIMEULUE | M10: =SUMIF($A$2:$A$113,H10,$D$2:$D$113) -> 1101031 | N10: =VLOOKUP(M10,[1]CAMID!$A$2:$B$7,2,FALSE) -> TELUK DALAM | O10: =SUMIF($A$2:$A$113,H10,$E$2:$E$113) -> 1101031008 | P10: =VLOOKUP(O10,[1]DESAID!$A$2:$B$113,2,FALSE) -> KUALA BARU | Q10: =F10 -> 310
A11: 10 | B11: 11 | C11: 1101 | D11: 1101010 | E11: 1101010010 | F11: 396 | G11: =RANDBETWEEN($A$2,$A$113) -> 34 | H11: 88 | I11: =SUMIF($A$2:$A$113,$H$2,$B$2:$B$113) -> 11 | J11: =VLOOKUP(I11,[1]PROVID!$A$2:$B$2,2,FALSE) -> ACEH | K11: =SUMIF($A$2:$A$113,H11,$C$2:$C$113) -> 1101 | L11: =VLOOKUP(K11,[1]KABID!$A$2:$B$3,2,FALSE) -> SIMEULUE | M11: =SUMIF($A$2:$A$113,H11,$D$2:$D$113) -> 1101030 | N11: =VLOOKUP(M11,[1]CAMID!$A$2:$B$7,2,FALSE) -> SIMEULUE TENGAH | O11: =SUMIF($A$2:$A$113,H11,$E$2:$E$113) -> 1101030024 | P11: =VLOOKUP(O11,[1]DESAID!$A$2:$B$113,2,FALSE) -> SEBBE | Q11: =F11 -> 396
A12: 11 | B12: 11 | C12: 1101 | D12: 1101010 | E12: 1101010011 | F12: 568 | G12: =RANDBETWEEN($A$2,$A$113) -> 47 | H12: 45 | I12: =SUMIF($A$2:$A$113,$H$2,$B$2:$B$113) -> 11 | J12: =VLOOKUP(I12,[1]PROVID!$A$2:$B$2,2,FALSE) -> ACEH | K12: =SUMIF($A$2:$A$113,H12,$C$2:$C$113) -> 1101 | L12: =VLOOKUP(K12,[1]KABID!$A$2:$B$3,2,FALSE) -> SIMEULUE | M12: =SUMIF($A$2:$A$113,H12,$D$2:$D$113) -> 1101020 | N12: =VLOOKUP(M12,[1]CAMID!$A$2:$B$7,2,FALSE) -> SIMEULUE TIMUR | O12: =SUMIF($A$2:$A$113,H12,$E$2:$E$113) -> 1101020037 | P12: =VLOOKUP(O12,[1]DESAID!$A$2:$B$113,2,FALSE) -> PULAU SIUMAT | Q12: =F12 -> 568
A13: 12 | B13: 11 | C13: 1101 | D13: 1101010 | E13: 1101010012 | F13: 1127 | G13: =RANDBETWEEN($A$2,$A$113) -> 67 | H13: 40 | I13: =SUMIF($A$2:$A$113,$H$2,$B$2:$B$113) -> 11 | J13: =VLOOKUP(I13,[1]PROVID!$A$2:$B$2,2,FALSE) -> ACEH | K13: =SUMIF($A$2:$A$113,H13,$C$2:$C$113) -> 1101 | L13: =VLOOKUP(K13,[1]KABID!$A$2:$B$3,2,FALSE) -> SIMEULUE | M13: =SUMIF($A$2:$A$113,H13,$D$2:$D$113) -> 1101020 | N13: =VLOOKUP(M13,[1]CAMID!$A$2:$B$7,2,FALSE) -> SIMEULUE TIMUR | O13: =SUMIF($A$2:$A$113,H13,$E$2:$E$113) -> 1101020032 | P13: =VLOOKUP(O13,[1]DESAID!$A$2:$B$113,2,FALSE) -> KOTA BATU | Q13: =F13 -> 1127
... A31: 30 | B31: 11 | C31: 1101 | D31: 1101020 | E31: 1101020022 | F31: 1089 | G31: =RANDBETWEEN($A$2,$A$113) -> 45 | H31: 45 | I31: =SUMIF($A$2:$A$113,$H$2,$B$2:$B$113) -> 11 | J31: =VLOOKUP(I31,[1]PROVID!$A$2:$B$2,2,FALSE) -> ACEH | K31: =SUMIF($A$2:$A$113,H31,$C$2:$C$113) -> 1101 | L31: =VLOOKUP(K31,[1]KABID!$A$2:$B$3,2,FALSE) -> SIMEULUE | M31: =SUMIF($A$2:$A$113,H31,$D$2:$D$113) -> 1101020 | N31: =VLOOKUP(M31,[1]CAMID!$A$2:$B$7,2,FALSE) -> SIMEULUE TIMUR | O31: =SUMIF($A$2:$A$113,H31,$E$2:$E$113) -> 1101020037 | P31: =VLOOKUP(O31,[1]DESAID!$A$2:$B$113,2,FALSE) -> PULAU SIUMAT | Q31: =F31 -> 1089
A32: 31 | B32: 11 | C32: 1101 | D32: 1101020 | E32: 1101020023 | F32: 1104 | G32: =RANDBETWEEN($A$2,$A$113) -> 53 | I32: =SUMIF($A$2:$A$113,$H$2,$B$2:$B$113) -> 11 | J32: =VLOOKUP(I32,[1]PROVID!$A$2:$B$2,2,FALSE) -> ACEH
A33: 32 | B33: 11 | C33: 1101 | D33: 1101020 | E33: 1101020024 | F33: 1151 | G33: =RANDBETWEEN($A$2,$A$113) -> 96 | I33: =SUMIF($A$2:$A$113,$H$2,$B$2:$B$113) -> 11 | J33: =VLOOKUP(I33,[1]PROVID!$A$2:$B$2,2,FALSE) -> ACEH
A34: 33 | B34: 11 | C34: 1101 | D34: 1101020 | E34: 1101020025 | F34: 636 | G34: =RANDBETWEEN($A$2,$A$113) -> 31 | I34: =SUMIF($A$2:$A$113,$H$2,$B$2:$B$113) -> 11 | J34: =VLOOKUP(I34,[1]PROVID!$A$2:$B$2,2,FALSE) -> ACEH
A35: 34 | B35: 11 | C35: 1101 | D35: 1101020 | E35: 1101020026 | F35: 781 | G35: =RANDBETWEEN($A$2,$A$113) -> 5 | I35: =SUMIF($A$2:$A$113,$H$2,$B$2:$B$113) -> 11 | J35: =VLOOKUP(I35,[1]PROVID!$A$2:$B$2,2,FALSE) -> ACEH
A36: 35 | B36: 11 | C36: 1101 | D36: 1101020 | E36: 1101020027 | F36: 1704 | G36: =RANDBETWEEN($A$2,$A$113) -> 39 | I36: =SUMIF($A$2:$A$113,$H$2,$B$2:$B$113) -> 11 | J36: =VLOOKUP(I36,[1]PROVID!$A$2:$B$2,2,FALSE) -> ACEH
A37: 36 | B37: 11 | C37: 1101 | D37: 1101020 | E37: 1101020028 | F37: 2415 | G37: =RANDBETWEEN($A$2,$A$113) -> 94 | I37: =SUMIF($A$2:$A$113,$H$2,$B$2:$B$113) -> 11 | J37: =VLOOKUP(I37,[1]PROVID!$A$2:$B$2,2,FALSE) -> ACEH
A38: 37 | B38: 11 | C38: 1101 | D38: 1101020 | E38: 1101020029 | F38: 4466 | G38: =RANDBETWEEN($A$2,$A$113) -> 64 | I38: =SUMIF($A$2:$A$113,$H$2,$B$2:$B$113) -> 11 | J38: =VLOOKUP(I38,[1]PROVID!$A$2:$B$2,2,FALSE) -> ACEH
A39: 38 | B39: 11 | C39: 1101 | D39: 1101020 | E39: 1101020030 | F39: 2536 | G39: =RANDBETWEEN($A$2,$A$113) -> 15 | I39: =SUMIF($A$2:$A$113,$H$2,$B$2:$B$113) -> 11 | J39: =VLOOKUP(I39,[1]PROVID!$A$2:$B$2,2,FALSE) -> ACEH
A40: 39 | B40: 11 | C40: 1101 | D40: 1101020 | E40: 1101020031 | F40: 2728 | G40: =RANDBETWEEN($A$2,$A$113) -> 46 | I40: =SUMIF($A$2:$A$113,$H$2,$B$2:$B$113) -> 11 | J40: =VLOOKUP(I40,[1]PROVID!$A$2:$B$2,2,FALSE) -> ACEH
A41: 40 | B41: 11 | C41: 1101 | D41: 1101020 | E41: 1101020032 | F41: 1080 | G41: =RANDBETWEEN($A$2,$A$113) -> 106 | I41: =SUMIF($A$2:$A$113,$H$2,$B$2:$B$113) -> 11 | J41: =VLOOKUP(I41,[1]PROVID!$A$2:$B$2,2,FALSE) -> ACEH
A42: 41 | B42: 11 | C42: 1101 | D42: 1101020 | E42: 1101020033 | F42: 587 | G42: =RANDBETWEEN($A$2,$A$113) -> 101 | I42: =SUMIF($A$2:$A$113,$H$2,$B$2:$B$113) -> 11 | J42: =VLOOKUP(I42,[1]PROVID!$A$2:$B$2,2,FALSE) -> ACEH
A43: 42 | B43: 11 | C43: 1101 | D43: 1101020 | E43: 1101020034 | F43: 533 | G43: =RANDBETWEEN($A$2,$A$113) -> 30 | I43: =SUMIF($A$2:$A$113,$H$2,$B$2:$B$113) -> 11 | J43: =VLOOKUP(I43,[1]PROVID!$A$2:$B$2,2,FALSE) -> ACEH
... A113: 112 | B113: 11 | C113: 1101 | D113: 1101040 | E113: 1101040012 | F113: 265 | G113: =RANDBETWEEN($A$2,$A$113) -> 70 | I113: =SUMIF($A$2:$A$113,$H$2,$B$2:$B$113) -> 11 | J113: =VLOOKUP(I113,[1]PROVID!$A$2:$B$2,2,FALSE) -> ACEH

Sheet STATISTIK
A1: JUMLAH PENDUDUK | B1: RANDOM
A2: 270 | B2: 102
A3: 398 | B3: 50
A4: 465 | B4: 87
A5: 515 | B5: 39
A6: 340 | B6: 34
A7: 378 | B7: 106
A8: 289 | B8: 98
A9: 398 | B9: 96
A10: 310 | B10: 98
A11: 396 | B11: 88
A12: 568 | B12: 45
A13: 1127 | B13: 40
... A31: 1089 | B31: 45
A32: 1104
A33: 1151
A34: 636
A35: 781
A36: 1704
A37: 2415
A38: 4466
A39: 2536
A40: 2728
A41: 1080
A42: 587
A43: 533
... A113: 265

Sheet Jumlah Penduduk_Uji T
A1: STATISTIK | B1: POPULASI | C1: SAMPEL
A2: N | B2: =COUNT(STATISTIK!A2:A113) -> 112 | C2: =COUNT(STATISTIK!B2:B113) -> 30 | E2: Hipotesis | F2: : | G2: H0 = | H2: Sampel Penduduk di Povinsi Aceh dapat mewakili populasi penduduk di provinsi Aceh
A3: Mean ( µ,x ) | B3: =AVERAGE(STATISTIK!A2:A113) -> 578.63393 | C3: =AVERAGE(STATISTIK!B2:B31) -> 65.466667 | G3: H1 = | H3: Sampel Penduduk di Povinsi Aceh tidak dapat mewakili populasi penduduk di provinsi Aceh
A4: STDEV / S | B4: =STDEV(STATISTIK!A2:A113) -> 573.72306 | C4: =STDEV(STATISTIK!B2:B113) -> 31.902582
A5: SE | B5: =B4/SQRT(B2) -> 54.211733 | C5: =C4/SQRT(C2) -> 5.8245879 | E5: Rumus:
A6: Thit | B6: =ABS(B3-C3)/B5 -> 9.4659815 | C6: =ABS(B3-C3)/C5 -> 88.103618 | E6: SE | F6: =
A7: Ttab | C7: =TINV(0.05,29) -> 2.0452296
E9: Thit | F9: =
A12: Kesimpulan: | B12: Thit > Ttable, Terima H1 (Tolak H0). Jadi dapat disimpulkan bahwa Sampel Penduduk di Povinsi Aceh tidak dapat mewakili populasi penduduk di provinsi Aceh
